section,asset,svg,png,background
01-master-assets,01-qorivara-symbol-green-transparent,01-qorivara-symbol-green-transparent.svg,01-qorivara-symbol-green-transparent.png,transparent
01-master-assets,02-qorivara-symbol-cream-transparent,02-qorivara-symbol-cream-transparent.svg,02-qorivara-symbol-cream-transparent.png,transparent
01-master-assets,03-qorivara-symbol-black-transparent,03-qorivara-symbol-black-transparent.svg,03-qorivara-symbol-black-transparent.png,transparent
01-master-assets,04-qorivara-symbol-white-transparent,04-qorivara-symbol-white-transparent.svg,04-qorivara-symbol-white-transparent.png,transparent
01-master-assets,05-qorivara-wordmark-green-transparent,05-qorivara-wordmark-green-transparent.svg,05-qorivara-wordmark-green-transparent.png,transparent
01-master-assets,06-qorivara-wordmark-black-transparent,06-qorivara-wordmark-black-transparent.svg,06-qorivara-wordmark-black-transparent.png,transparent
01-master-assets,07-qorivara-wordmark-white-transparent,07-qorivara-wordmark-white-transparent.svg,07-qorivara-wordmark-white-transparent.png,transparent
01-master-assets,08-qorivara-horizontal-green-transparent,08-qorivara-horizontal-green-transparent.svg,08-qorivara-horizontal-green-transparent.png,transparent
01-master-assets,09-qorivara-horizontal-black-transparent,09-qorivara-horizontal-black-transparent.svg,09-qorivara-horizontal-black-transparent.png,transparent
01-master-assets,10-qorivara-horizontal-white-transparent,10-qorivara-horizontal-white-transparent.svg,10-qorivara-horizontal-white-transparent.png,transparent
01-master-assets,11-qorivara-stacked-green-transparent,11-qorivara-stacked-green-transparent.svg,11-qorivara-stacked-green-transparent.png,transparent
01-master-assets,12-qorivara-stacked-black-transparent,12-qorivara-stacked-black-transparent.svg,12-qorivara-stacked-black-transparent.png,transparent
01-master-assets,13-qorivara-stacked-white-transparent,13-qorivara-stacked-white-transparent.svg,13-qorivara-stacked-white-transparent.png,transparent
05-supplemental-assets,qorivara-full-horizontal-green-transparent,qorivara-full-horizontal-green-transparent.svg,qorivara-full-horizontal-green-transparent.png,transparent
05-supplemental-assets,qorivara-full-horizontal-black-transparent,qorivara-full-horizontal-black-transparent.svg,qorivara-full-horizontal-black-transparent.png,transparent
05-supplemental-assets,qorivara-full-horizontal-white-transparent,qorivara-full-horizontal-white-transparent.svg,qorivara-full-horizontal-white-transparent.png,transparent
02-colorway-exports,qorivara-symbol-forest-on-warm-cream,qorivara-symbol-forest-on-warm-cream.svg,qorivara-symbol-forest-on-warm-cream.png,opaque
02-colorway-exports,qorivara-wordmark-forest-on-warm-cream,qorivara-wordmark-forest-on-warm-cream.svg,qorivara-wordmark-forest-on-warm-cream.png,opaque
02-colorway-exports,qorivara-horizontal-forest-on-warm-cream,qorivara-horizontal-forest-on-warm-cream.svg,qorivara-horizontal-forest-on-warm-cream.png,opaque
02-colorway-exports,qorivara-full-horizontal-forest-on-warm-cream,qorivara-full-horizontal-forest-on-warm-cream.svg,qorivara-full-horizontal-forest-on-warm-cream.png,opaque
02-colorway-exports,qorivara-stacked-forest-on-warm-cream,qorivara-stacked-forest-on-warm-cream.svg,qorivara-stacked-forest-on-warm-cream.png,opaque
02-colorway-exports,qorivara-symbol-warm-cream-on-forest,qorivara-symbol-warm-cream-on-forest.svg,qorivara-symbol-warm-cream-on-forest.png,opaque
02-colorway-exports,qorivara-wordmark-warm-cream-on-forest,qorivara-wordmark-warm-cream-on-forest.svg,qorivara-wordmark-warm-cream-on-forest.png,opaque
02-colorway-exports,qorivara-horizontal-warm-cream-on-forest,qorivara-horizontal-warm-cream-on-forest.svg,qorivara-horizontal-warm-cream-on-forest.png,opaque
02-colorway-exports,qorivara-full-horizontal-warm-cream-on-forest,qorivara-full-horizontal-warm-cream-on-forest.svg,qorivara-full-horizontal-warm-cream-on-forest.png,opaque
02-colorway-exports,qorivara-stacked-warm-cream-on-forest,qorivara-stacked-warm-cream-on-forest.svg,qorivara-stacked-warm-cream-on-forest.png,opaque
02-colorway-exports,qorivara-symbol-black-on-white,qorivara-symbol-black-on-white.svg,qorivara-symbol-black-on-white.png,opaque
02-colorway-exports,qorivara-wordmark-black-on-white,qorivara-wordmark-black-on-white.svg,qorivara-wordmark-black-on-white.png,opaque
02-colorway-exports,qorivara-horizontal-black-on-white,qorivara-horizontal-black-on-white.svg,qorivara-horizontal-black-on-white.png,opaque
02-colorway-exports,qorivara-full-horizontal-black-on-white,qorivara-full-horizontal-black-on-white.svg,qorivara-full-horizontal-black-on-white.png,opaque
02-colorway-exports,qorivara-stacked-black-on-white,qorivara-stacked-black-on-white.svg,qorivara-stacked-black-on-white.png,opaque
02-colorway-exports,qorivara-symbol-white-on-black,qorivara-symbol-white-on-black.svg,qorivara-symbol-white-on-black.png,opaque
02-colorway-exports,qorivara-wordmark-white-on-black,qorivara-wordmark-white-on-black.svg,qorivara-wordmark-white-on-black.png,opaque
02-colorway-exports,qorivara-horizontal-white-on-black,qorivara-horizontal-white-on-black.svg,qorivara-horizontal-white-on-black.png,opaque
02-colorway-exports,qorivara-full-horizontal-white-on-black,qorivara-full-horizontal-white-on-black.svg,qorivara-full-horizontal-white-on-black.png,opaque
02-colorway-exports,qorivara-stacked-white-on-black,qorivara-stacked-white-on-black.svg,qorivara-stacked-white-on-black.png,opaque
03-platform-exports,14-whatsapp-business-avatar,14-whatsapp-business-avatar.svg,14-whatsapp-business-avatar.png,opaque
03-platform-exports,15-instagram-business-avatar,15-instagram-business-avatar.svg,15-instagram-business-avatar.png,opaque
03-platform-exports,16-facebook-business-avatar,16-facebook-business-avatar.svg,16-facebook-business-avatar.png,opaque
03-platform-exports,17a-linkedin-company-avatar-symbol,17a-linkedin-company-avatar-symbol.svg,17a-linkedin-company-avatar-symbol.png,opaque
03-platform-exports,17b-linkedin-company-avatar-lockup,17b-linkedin-company-avatar-lockup.svg,17b-linkedin-company-avatar-lockup.png,opaque
03-platform-exports,18-google-business-profile-avatar,18-google-business-profile-avatar.svg,18-google-business-profile-avatar.png,opaque
03-platform-exports,19-x-social-avatar,19-x-social-avatar.svg,19-x-social-avatar.png,opaque
03-platform-exports,20a-youtube-avatar,20a-youtube-avatar.svg,20a-youtube-avatar.png,opaque
03-platform-exports,20b-youtube-channel-branding-lockup,20b-youtube-channel-branding-lockup.svg,20b-youtube-channel-branding-lockup.png,transparent
03-platform-exports,21-gmail-profile-avatar,21-gmail-profile-avatar.svg,21-gmail-profile-avatar.png,opaque
03-platform-exports,22-favicon-master,22-favicon-master.svg,22-favicon-master.png,transparent
03-platform-exports,23-app-icon,23-app-icon.svg,23-app-icon.png,opaque
03-platform-exports,24-website-header-light,24-website-header-light.svg,24-website-header-light.png,transparent
03-platform-exports,25-website-header-dark,25-website-header-dark.svg,25-website-header-dark.png,transparent
03-platform-exports,26a-website-footer-green,26a-website-footer-green.svg,26a-website-footer-green.png,transparent
03-platform-exports,26b-website-footer-cream,26b-website-footer-cream.svg,26b-website-footer-cream.png,transparent
03-platform-exports,27-email-signature,27-email-signature.svg,27-email-signature.png,transparent
03-platform-exports,28a-proposal-logo-horizontal,28a-proposal-logo-horizontal.svg,28a-proposal-logo-horizontal.png,transparent
03-platform-exports,28b-proposal-logo-stacked,28b-proposal-logo-stacked.svg,28b-proposal-logo-stacked.png,transparent
03-platform-exports,29a-letterhead-logo-green,29a-letterhead-logo-green.svg,29a-letterhead-logo-green.png,transparent
03-platform-exports,29b-letterhead-logo-black,29b-letterhead-logo-black.svg,29b-letterhead-logo-black.png,transparent
03-platform-exports,30a-invoice-logo-green,30a-invoice-logo-green.svg,30a-invoice-logo-green.png,transparent
03-platform-exports,30b-invoice-logo-black,30b-invoice-logo-black.svg,30b-invoice-logo-black.png,transparent
03-platform-exports,31a-document-footer-logo-green,31a-document-footer-logo-green.svg,31a-document-footer-logo-green.png,transparent
03-platform-exports,31b-document-footer-logo-black,31b-document-footer-logo-black.svg,31b-document-footer-logo-black.png,transparent
03-platform-exports,32-watermark-symbol,32-watermark-symbol.svg,32-watermark-symbol.png,transparent
03-platform-exports,33-watermark-wordmark,33-watermark-wordmark.svg,33-watermark-wordmark.png,transparent
05-supplemental-assets,social-profile-master-forest-on-cream,social-profile-master-forest-on-cream.svg,social-profile-master-forest-on-cream.png,opaque
05-supplemental-assets,social-profile-master-cream-on-forest,social-profile-master-cream-on-forest.svg,social-profile-master-cream-on-forest.png,opaque
05-supplemental-assets,business-card-front-logo-green-transparent,business-card-front-logo-green-transparent.svg,business-card-front-logo-green-transparent.png,transparent
05-supplemental-assets,business-card-back-symbol-green-transparent,business-card-back-symbol-green-transparent.svg,business-card-back-symbol-green-transparent.png,transparent
05-supplemental-assets,social-post-corner-symbol-green-transparent,social-post-corner-symbol-green-transparent.svg,social-post-corner-symbol-green-transparent.png,transparent
05-supplemental-assets,social-post-corner-symbol-black-transparent,social-post-corner-symbol-black-transparent.svg,social-post-corner-symbol-black-transparent.png,transparent
05-supplemental-assets,social-post-corner-symbol-white-transparent,social-post-corner-symbol-white-transparent.svg,social-post-corner-symbol-white-transparent.png,transparent
05-supplemental-assets,photography-watermark-wordmark-black-transparent,photography-watermark-wordmark-black-transparent.svg,photography-watermark-wordmark-black-transparent.png,transparent
